<?xml version="1.0" encoding="UTF-8" standalone="yes"?>
<addon id="plugin.program.kodi-vavoo-tv-stube" name="[B][COLOR red]KODI-VAVOO-TV-Stube[/COLOR] [COLOR skyblue]Wizard[/COLOR][/B]" version="2.1.7" provider-name="kodi-vavoo-tv.stube.org">
  <requires>
    <import addon="xbmc.python" version="2.1.0"/>
  </requires>
  <extension point="xbmc.python.pluginsource" library="default.py">
    <provides>executable</provides>
  </extension>
  <extension point="xbmc.service" library="startup.py" start="startup" />
  <extension point="xbmc.addon.metadata">
    <summary lang="en">[COLOR red]KODI-VAVOO-TV-Stube [/COLOR][COLOR skyblue]Wizard[/COLOR]</summary>
    <description lang="en">KODI VAVOO TV Stube Forum: https://kodi-vavoo-tv.stube.org Telegram: https://t.me/KODIVAVOOTVStube </description>
    <platform>all</platform>
    <assets>
            <icon>resources/icon.png</icon>
            <fanart>resources/fanart.jpg</fanart>
	   
        </assets>
  </extension>
</addon>